{"0": 1.5566378377109278, "27": 0.0963355637573805, "16": 0.05226800572676737, "43": 0.002438279155825005, "53": 0.002376666772560995, "45": 0.010408386421985313, "60": 0.008982082019086743, "42": 0.0016396657560692458, "44": 0.0046115339584037905, "58": 0.006557259774598919, "41": 0.023703836417589032, "26": 0.008251391942383814, "25": 0.0028200830787908837, "34": 0.006470375334630247, "18": 0.02054399908566084, "67": 0.021742711477592342, "56": 0.03595815463144271, "5": 0.0017968136169871345, "17": 0.005931915083869559, "21": 0.006910403107033401, "24": 0.008085832888962793, "57": 0.009542640506244097, "8": 0.004324244065362899, "39": 0.017124697380378598, "40": 0.004128158405178883, "79": 0.003918896542220819, "3": 0.0032142082394146527, "38": 0.0008574148865996814, "2": 0.03320908321708929, "28": 0.0012749707112546826, "63": 0.010965021633711018, "15": 0.010749168493708626, "54": 0.0018801426105811948, "73": 0.012587513552337396, "71": 0.002311379889972874, "76": 0.0020114933076452036, "77": 0.004087134072037994, "59": 0.01113408944645866, "13": 0.005973982693719082, "19": 0.003983360646200962, "62": 0.003004456856211678, "7": 0.008986427725338544, "55": 0.0012568037822598317, "66": 0.0010292656890681534, "32": 0.005950050783939049, "72": 0.0010126817030984847, "48": 0.0017655458997507564, "74": 0.002765030430965736, "14": 0.006935872523511043, "69": 0.0030143691477228386, "61": 0.000922712185343758, "68": 0.0008064944626855068, "78": 0.00020744247514693464, "11": 0.00047778154982895145, "37": 0.000921155644244835, "46": 0.0007749242665337734, "49": 0.0006253545987801474, "47": 0.0015359723958812777, "4": 0.003162530269779143, "33": 0.002719915831675295, "64": 0.001495437797952871, "65": 0.0015019570413182994, "35": 0.001103326473079744, "1": 0.0022928501348026464, "20": 0.0008956643987874515, "75": 0.0023548808058754343, "9": 0.0017863507739833144, "29": 0.0023970931279854698, "6": 0.0007474748228417068, "50": 0.0002164912223815918, "52": 0.002023435577017362, "31": 0.00047575376072867974, "30": 0.0003824211925756736, "22": 0.0001760685053028044, "12": 0.00016416061119955093, "23": 0.0001808603669776291}