{"0": 1.481153515763239, "27": 0.12280074289085668, "15": 0.020917836077716374, "16": 0.055299579933149004, "57": 0.010269532553646543, "56": 0.03878196621159895, "25": 0.003292591878033559, "5": 0.0018951609265913656, "2": 0.04463366877048387, "14": 0.012754178309659345, "55": 0.0068032934687553195, "45": 0.021299387391554105, "43": 0.003059916682199601, "41": 0.03404316823416893, "39": 0.023789858522765134, "26": 0.009120928913081458, "73": 0.008212349196092797, "44": 0.006967527702314044, "67": 0.018333679087665103, "34": 0.004286528300801548, "74": 0.0050392269322631555, "28": 0.002459805744503616, "40": 0.008610555895971596, "59": 0.013681990859705374, "48": 0.002721119867552311, "60": 0.011911345304699119, "36": 0.0012438951719791517, "30": 0.0006277895739319128, "65": 0.0024095360729672493, "18": 0.06269374978651694, "63": 0.008879292842445024, "7": 0.009321000630702448, "24": 0.008612576471556218, "19": 0.006157506070005784, "58": 0.009161847447036603, "71": 0.0017550790638004969, "37": 0.0017975302245638787, "17": 0.007861824560602871, "33": 0.0035849696452464534, "21": 0.01352347890171436, "46": 0.002409903751600773, "32": 0.006094999105558483, "1": 0.004346052036372894, "77": 0.0023346765106971113, "50": 0.0008766285541954391, "75": 0.00843425862286069, "62": 0.0051171538261098595, "79": 0.003917769521748254, "69": 0.0037380510623301936, "38": 0.000967362758216508, "42": 0.0026201277588485576, "3": 0.004530515397360565, "53": 0.0022289968411856836, "13": 0.003909010110645119, "68": 0.0011800606644481694, "8": 0.005161162275786794, "4": 0.003305794766189855, "54": 0.004529192491408882, "66": 0.001894648753174948, "49": 0.0018812317476360077, "76": 0.0018693724137927414, "61": 0.0016382939662408392, "12": 0.0002413208769002092, "51": 0.001600218125439565, "9": 0.0024907023644228595, "31": 0.0006122697493351928, "29": 0.0018529336933695941, "78": 0.0006040157309365929, "35": 0.0011626705664013505, "64": 0.0011524716320387813, "72": 0.002002197799332645, "52": 0.0010962559761257347, "10": 0.0004500974537035741, "47": 0.0013206574238768412, "20": 0.0014711189707484814, "6": 0.0015836966693948168, "70": 0.00012092601268663318, "22": 0.0003283032802266812, "11": 0.00024736140846112455}