{"0": 8072.286660909653, "27": 669.2640487551689, "15": 114.00220662355423, "16": 301.3827106356621, "57": 55.96895241737366, "56": 211.36171585321426, "25": 17.944625735282898, "5": 10.328627049922943, "2": 243.25349479913712, "14": 69.51027178764343, "55": 37.07794940471649, "45": 116.08166128396988, "43": 16.676545917987823, "41": 185.5352668762207, "39": 129.65472894906998, "26": 49.709062576293945, "73": 44.75730311870575, "44": 37.97302597761154, "67": 99.91855102777481, "34": 23.36157923936844, "74": 27.463786780834198, "28": 13.405941307544708, "40": 46.9275296330452, "59": 74.56685018539429, "48": 14.830103278160095, "60": 64.9168319106102, "36": 6.779228687286377, "30": 3.4214531779289246, "65": 13.131971597671509, "18": 341.68093633651733, "63": 48.39214599132538, "7": 50.79945343732834, "24": 46.938541769981384, "19": 33.558408081531525, "58": 49.93206858634949, "71": 9.565180897712708, "37": 9.796539723873138, "17": 42.846943855285645, "33": 19.53808456659317, "21": 73.70296001434326, "46": 13.133975446224213, "32": 33.21774512529373, "1": 23.68598359823227, "77": 12.723986983299255, "50": 4.777625620365143, "75": 45.96670949459076, "62": 27.888488352298737, "79": 21.351843893527985, "69": 20.372378289699554, "38": 5.272127032279968, "42": 14.27969628572464, "3": 24.691308915615082, "53": 12.148032784461975, "13": 21.3041051030159, "68": 6.431330621242523, "8": 28.128334403038025, "4": 18.01658147573471, "54": 24.684099078178406, "66": 10.325835704803467, "49": 10.252713024616241, "76": 10.18807965517044, "61": 8.928702116012573, "12": 1.3151987791061401, "51": 8.72118878364563, "9": 13.574327886104584, "31": 3.3368701338768005, "29": 10.098488628864288, "78": 3.291885733604431, "35": 6.33655458688736, "64": 6.280970394611359, "72": 10.911978006362915, "52": 5.974595069885254, "10": 2.4530311226844788, "47": 7.197582960128784, "20": 8.017598390579224, "6": 8.631146848201752, "70": 0.6590467691421509, "22": 1.7892528772354126, "11": 1.3481196761131287}