{"0": 4747.74540501833, "27": 293.82346946001053, "16": 159.41741746664047, "43": 7.436751425266266, "53": 7.248833656311035, "45": 31.745578587055206, "60": 27.39535015821457, "42": 5.0009805560112, "44": 14.065178573131561, "58": 19.999642312526703, "41": 72.29670107364655, "26": 25.16674542427063, "25": 8.601253390312195, "34": 19.734644770622253, "18": 62.659197211265564, "67": 66.31527000665665, "56": 109.67237162590027, "5": 5.4802815318107605, "17": 18.092341005802155, "21": 21.076729476451874, "24": 24.661790311336517, "57": 29.105053544044495, "8": 13.188944399356842, "39": 52.230327010154724, "40": 12.590883135795593, "79": 11.952634453773499, "3": 9.803335130214691, "38": 2.6151154041290283, "2": 101.28770381212234, "28": 3.8886606693267822, "63": 33.4433159828186, "15": 32.78496390581131, "54": 5.734434962272644, "73": 38.39191633462906, "71": 7.049708664417267, "76": 6.135054588317871, "77": 12.465758919715881, "59": 33.958972811698914, "13": 18.2206472158432, "19": 12.149249970912933, "62": 9.163593411445618, "7": 27.408604562282562, "55": 3.8332515358924866, "66": 3.1392603516578674, "32": 18.1476548910141, "72": 3.0886791944503784, "48": 5.384914994239807, "74": 8.433342814445496, "14": 21.15441119670868, "69": 9.193825900554657, "61": 2.814272165298462, "68": 2.459808111190796, "78": 0.6326995491981506, "11": 1.457233726978302, "37": 2.809524714946747, "46": 2.363519012928009, "49": 1.9073315262794495, "47": 4.684715807437897, "4": 9.645717322826385, "33": 8.29574328660965, "64": 4.561085283756256, "65": 4.580968976020813, "35": 3.365145742893219, "1": 6.993192911148071, "20": 2.7317764163017273, "75": 7.1823864579200745, "9": 5.448369860649109, "29": 7.311134040355682, "6": 2.279798209667206, "50": 0.660298228263855, "52": 6.171478509902954, "31": 1.4510489702224731, "30": 1.1663846373558044, "22": 0.5370089411735535, "12": 0.5006898641586304, "23": 0.5516241192817688}